70.172.103.158,18,www.test3.cn/d484b-cd0/b6d,1551457166790
254.212.199.7,49,www.test3.cn/525e8-252/f00,1551457299030
103.60.78.100,31,www.test3.cn/c3302-21c/df8,1551457128680
190.119.100.140,43,www.test3.cn/501c9-43a/c2b,1551457375586
190.119.100.140,14,www.test3.cn/b9328-5f2/fb1,1551457170798
160.175.2.94,35,www.test3.cn/bc8a8-349/12b,1551457302970
57.22.13.233,3,www.test3.cn/ac24f-9ad/c13,1551457138849
162.55.22.149,45,www.test3.cn/af95a-342/7ab,1551457238574
65.105.62.208,0,www.test3.cn/d484b-cd0/b6d,1551457346148
147.180.108.153,20,www.test3.cn/b9328-5f2/fb1,1551457240104
70.172.103.158,10,www.test3.cn/ac24f-9ad/c13,1551457165810
101.199.4.152,21,www.test3.cn/dbf2d-769/d20,1551457088841
166.145.29.30,29,www.test3.cn/908de-bd2/a64,1551457282321
70.172.103.158,5,www.test3.cn/cba91-2e2/13e,1551457134114
54.84.106.206,32,www.test3.cn/85e22-1b2/cdd,1551457240193
207.126.201.33,2,www.test3.cn/977a7-6e6/913,1551457283220
173.27.205.218,1,www.test3.cn/c0632-e3c/358,1551457183322
242.86.168.82,25,www.test3.cn/b9328-5f2/fb1,1551457331314
214.182.50.57,8,www.test3.cn/0f53f-df4/e19,1551457312584
90.11.7.210,35,www.test3.cn/2df06-da6/58e,1551457267317
103.60.78.100,23,www.test3.cn/26413-db5/b80,1551457171754
209.176.174.173,45,www.test3.cn/ac24f-9ad/c13,1551457166074
147.180.108.153,4,www.test3.cn/28566-35c/bf3,1551457129444
54.84.106.206,37,www.test3.cn/0f53f-df4/e19,1551457134326
254.212.199.7,36,www.test3.cn/8c44d-bda/6d4,1551457255121
136.173.117.86,29,www.test3.cn/525e8-252/f00,1551457266249
219.243.68.66,3,www.test3.cn/908de-bd2/a64,1551457247603
142.243.232.111,3,www.test3.cn/2ef28-14c/36b,1551457147451
214.182.50.57,21,www.test3.cn/a6605-777/346,1551457221458
181.254.79.159,32,www.test3.cn/c4a97-3ed/206,1551457102880
103.60.78.100,46,www.test3.cn/2ef28-14c/36b,1551457326460
69.9.62.147,24,www.test3.cn/26413-db5/b80,1551457107753
160.175.2.94,48,www.test3.cn/7c815-4b4/a45,1551457113595
131.4.55.207,16,www.test3.cn/8c44d-bda/6d4,1551457227931
57.22.13.233,11,www.test3.cn/7fb35-3da/4b6,1551457162693
160.175.2.94,4,www.test3.cn/7aed8-8a4/57f,1551457321425
65.105.62.208,12,www.test3.cn/cba91-2e2/13e,1551457277197
136.173.117.86,21,www.test3.cn/7aed8-8a4/57f,1551457171443
194.175.112.147,7,www.test3.cn/977a7-6e6/913,1551457158055
214.182.50.57,28,www.test3.cn/dadb6-6d2/b53,1551457326951
242.86.168.82,33,www.test3.cn/db697-def/3de,1551457169175
173.27.205.218,15,www.test3.cn/501c9-43a/c2b,1551457159141
90.11.7.210,19,www.test3.cn/b7fad-638/2d3,1551457153723
166.145.218.180,48,www.test3.cn/ffcb1-514/ee5,1551457149949
36.36.176.55,18,www.test3.cn/2df06-da6/58e,1551457174347
22.78.136.98,4,www.test3.cn/fc936-60b/443,1551457294853
190.119.100.140,2,www.test3.cn/c0632-e3c/358,1551457249956
64.49.45.225,25,www.test3.cn/7aed8-8a4/57f,1551457108076
72.13.239.187,11,www.test3.cn/bc8a8-349/12b,1551457121582
3.81.124.222,6,www.test3.cn/dadb6-6d2/b53,1551457088263
214.182.50.57,26,www.test3.cn/0ce1b-626/115,1551457120354
197.92.42.109,3,www.test3.cn/d8924-dda/92b,1551457341163
214.182.50.57,38,www.test3.cn/85e22-1b2/cdd,1551457243416
16.145.158.159,36,www.test3.cn/525e8-252/f00,1551457182199
64.49.45.225,38,www.test3.cn/ffcb1-514/ee5,1551457178352
101.199.4.152,13,www.test3.cn/5fbbf-09e/9ad,1551457357799
130.77.76.220,28,www.test3.cn/dadb6-6d2/b53,1551457304831
131.4.55.207,22,www.test3.cn/9e219-ab5/f8e,1551457102875
70.172.103.158,35,www.test3.cn/5fbbf-09e/9ad,1551457154932
173.27.205.218,21,www.test3.cn/85e22-1b2/cdd,1551457332741
209.176.174.173,16,www.test3.cn/b7fad-638/2d3,1551457319756
192.29.228.149,11,www.test3.cn/db697-def/3de,1551457369209
167.112.106.142,27,www.test3.cn/64129-42d/fce,1551457350227
162.55.22.149,49,www.test3.cn/7aed8-8a4/57f,1551457249130
173.27.205.218,16,www.test3.cn/d2d89-faf/088,1551457372901
3.81.124.222,43,www.test3.cn/b9328-5f2/fb1,1551457324127
181.254.79.159,40,www.test3.cn/d1b05-39c/c2b,1551457262268
36.36.176.55,5,www.test3.cn/7fb35-3da/4b6,1551457322343
242.86.168.82,8,www.test3.cn/d8924-dda/92b,1551457306494
89.82.96.41,21,www.test3.cn/28566-35c/bf3,1551457166557
161.197.214.160,46,www.test3.cn/c3302-21c/df8,1551457122869
64.49.45.225,6,www.test3.cn/fc936-60b/443,1551457121996
197.92.42.109,0,www.test3.cn/1864a-337/4f5,1551457361607
57.22.13.233,31,www.test3.cn/b7fad-638/2d3,1551457094614
207.126.201.33,20,www.test3.cn/501c9-43a/c2b,1551457318535
16.145.158.159,48,www.test3.cn/85e22-1b2/cdd,1551457157658
254.212.199.7,21,www.test3.cn/db697-def/3de,1551457377013
166.145.218.180,32,www.test3.cn/ce6cd-5ef/6af,1551457337700
103.108.253.46,45,www.test3.cn/7c815-4b4/a45,1551457305618
3.81.124.222,49,www.test3.cn/85f6b-d98/45c,1551457167952
54.84.106.206,11,www.test3.cn/5fbbf-09e/9ad,1551457351121
254.212.199.7,46,www.test3.cn/7aed8-8a4/57f,1551457125979
162.55.22.149,9,www.test3.cn/dbf2d-769/d20,1551457162179
22.78.136.98,8,www.test3.cn/9f636-1e7/550,1551457345847
16.145.158.159,48,www.test3.cn/b2452-8ad/65f,1551457307582
89.82.96.41,29,www.test3.cn/64129-42d/fce,1551457289172
242.86.168.82,12,www.test3.cn/525e8-252/f00,1551457367814
16.175.107.9,9,www.test3.cn/2df06-da6/58e,1551457337660
75.148.43.20,5,www.test3.cn/dbf2d-769/d20,1551457192544
65.105.62.208,14,www.test3.cn/b9328-5f2/fb1,1551457133293
22.78.136.98,8,www.test3.cn/7fb35-3da/4b6,1551457194698
130.77.76.220,40,www.test3.cn/b7fad-638/2d3,1551457103774
70.172.103.158,28,www.test3.cn/85f6b-d98/45c,1551457332724
103.60.78.100,38,www.test3.cn/0daf8-804/255,1551457339574
70.172.103.158,24,www.test3.cn/c4a97-3ed/206,1551457194258
173.27.205.218,45,www.test3.cn/dadb6-6d2/b53,1551457133253
209.176.174.173,37,www.test3.cn/ce6cd-5ef/6af,1551457280422
162.55.22.149,42,www.test3.cn/525e8-252/f00,1551457304613
136.173.117.86,4,www.test3.cn/d1b05-39c/c2b,1551457352871
190.119.100.140,29,www.test3.cn/64129-42d/fce,1551457281226
103.60.78.100,22,www.test3.cn/db697-def/3de,1551457136883
36.36.176.55,35,www.test3.cn/ac24f-9ad/c13,1551457253844
197.92.42.109,35,www.test3.cn/bc8a8-349/12b,1551457131494
160.175.2.94,27,www.test3.cn/62311-d39/3c7,1551457144010
3.81.124.222,23,www.test3.cn/7fb35-3da/4b6,1551457249349
192.29.228.149,10,www.test3.cn/b0464-1d0/89b,1551457207310
103.60.78.100,32,www.test3.cn/501c9-43a/c2b,1551457170393
166.145.29.30,18,www.test3.cn/2df06-da6/58e,1551457155175
254.212.199.7,14,www.test3.cn/fc936-60b/443,1551457093167
142.243.232.111,4,www.test3.cn/db697-def/3de,1551457207651
22.78.136.98,28,www.test3.cn/5fbbf-09e/9ad,1551457214137
167.112.106.142,12,www.test3.cn/977a7-6e6/913,1551457203671
13.81.204.22,21,www.test3.cn/1864a-337/4f5,1551457243162
103.108.253.46,13,www.test3.cn/2df06-da6/58e,1551457322270
142.243.232.111,18,www.test3.cn/7fb35-3da/4b6,1551457341836
167.112.106.142,2,www.test3.cn/b2452-8ad/65f,1551457097394
242.86.168.82,48,www.test3.cn/db697-def/3de,1551457330458
149.132.29.106,16,www.test3.cn/501c9-43a/c2b,1551457113462
161.197.214.160,37,www.test3.cn/0daf8-804/255,1551457151431
194.175.112.147,41,www.test3.cn/7fb35-3da/4b6,1551457130008
142.243.232.111,24,www.test3.cn/d484b-cd0/b6d,1551457092336
197.92.42.109,31,www.test3.cn/c0632-e3c/358,1551457348361
13.81.204.22,22,www.test3.cn/0f53f-df4/e19,1551457338854
65.105.62.208,40,www.test3.cn/b2452-8ad/65f,1551457308180
103.60.78.100,20,www.test3.cn/ffcb1-514/ee5,1551457111952
152.170.66.76,10,www.test3.cn/ffcb1-514/ee5,1551457353720
239.125.134.220,20,www.test3.cn/7c815-4b4/a45,1551457091374
190.119.100.140,16,www.test3.cn/0ce1b-626/115,1551457378881
168.226.209.99,27,www.test3.cn/908de-bd2/a64,1551457102993
232.216.62.65,36,www.test3.cn/af95a-342/7ab,1551457237388
22.78.136.98,41,www.test3.cn/26413-db5/b80,1551457306230
181.254.79.159,20,www.test3.cn/0f53f-df4/e19,1551457370828
192.29.228.149,43,www.test3.cn/c4a97-3ed/206,1551457115108
239.125.134.220,22,www.test3.cn/7c815-4b4/a45,1551457208969
36.36.176.55,35,www.test3.cn/26413-db5/b80,1551457234728
242.86.168.82,43,www.test3.cn/ad1ac-29a/60c,1551457333110
142.243.232.111,10,www.test3.cn/202c5-e2b/667,1551457148631
194.90.34.182,40,www.test3.cn/64129-42d/fce,1551457204218
232.216.62.65,39,www.test3.cn/c4a97-3ed/206,1551457086958
242.86.168.82,22,www.test3.cn/ce6cd-5ef/6af,1551457273341
13.81.204.22,48,www.test3.cn/28566-35c/bf3,1551457107747
232.216.62.65,23,www.test3.cn/b7fad-638/2d3,1551457304646
192.212.81.116,23,www.test3.cn/ce6cd-5ef/6af,1551457377197
207.126.201.33,5,www.test3.cn/0ce1b-626/115,1551457319452
3.81.124.222,1,www.test3.cn/525e8-252/f00,1551457184275
90.11.7.210,15,www.test3.cn/85e22-1b2/cdd,1551457202966
239.125.134.220,5,www.test3.cn/9e219-ab5/f8e,1551457285531
142.243.232.111,23,www.test3.cn/2f132-051/f86,1551457179892
231.193.8.127,23,www.test3.cn/c0632-e3c/358,1551457190143
142.243.232.111,48,www.test3.cn/26413-db5/b80,1551457376639
194.175.112.147,41,www.test3.cn/7fb35-3da/4b6,1551457340142
72.13.239.187,4,www.test3.cn/b2452-8ad/65f,1551457301095
36.36.176.55,25,www.test3.cn/64129-42d/fce,1551457234234
161.197.214.160,36,www.test3.cn/9e219-ab5/f8e,1551457086001
136.173.117.86,49,www.test3.cn/b0464-1d0/89b,1551457133373
232.216.62.65,39,www.test3.cn/803fa-88c/89e,1551457343996
192.29.228.149,11,www.test3.cn/b7fad-638/2d3,1551457349399
162.55.22.149,9,www.test3.cn/525e8-252/f00,1551457255006
167.112.106.142,43,www.test3.cn/5fbbf-09e/9ad,1551457313164
209.176.174.173,16,www.test3.cn/2ef28-14c/36b,1551457133937
197.92.42.109,36,www.test3.cn/977a7-6e6/913,1551457235780
168.226.209.99,26,www.test3.cn/a6605-777/346,1551457137473
16.175.107.9,1,www.test3.cn/b9328-5f2/fb1,1551457366015
70.172.103.158,9,www.test3.cn/bc8a8-349/12b,1551457258702
3.81.124.222,25,www.test3.cn/7fb35-3da/4b6,1551457363251
160.175.2.94,11,www.test3.cn/8c44d-bda/6d4,1551457108006
162.55.22.149,23,www.test3.cn/0ce1b-626/115,1551457277164
209.176.174.173,38,www.test3.cn/2f132-051/f86,1551457146332
173.27.205.218,12,www.test3.cn/1864a-337/4f5,1551457148631
190.119.100.140,9,www.test3.cn/af95a-342/7ab,1551457216602
22.78.136.98,36,www.test3.cn/62311-d39/3c7,1551457373153
209.176.174.173,39,www.test3.cn/8c44d-bda/6d4,1551457200657
161.197.214.160,11,www.test3.cn/7c815-4b4/a45,1551457347563
64.49.45.225,34,www.test3.cn/b2452-8ad/65f,1551457305680
231.193.8.127,23,www.test3.cn/26413-db5/b80,1551457237515
167.112.106.142,20,www.test3.cn/b0464-1d0/89b,1551457321192
166.145.218.180,2,www.test3.cn/b2452-8ad/65f,1551457312205
54.84.106.206,9,www.test3.cn/0f53f-df4/e19,1551457358282
22.78.136.98,29,www.test3.cn/db697-def/3de,1551457279377
147.180.108.153,21,www.test3.cn/0daf8-804/255,1551457275263
54.84.106.206,12,www.test3.cn/7aed8-8a4/57f,1551457333604
242.86.168.82,47,www.test3.cn/908de-bd2/a64,1551457166251
160.175.2.94,48,www.test3.cn/ac24f-9ad/c13,1551457278688
231.193.8.127,38,www.test3.cn/d1b05-39c/c2b,1551457204392
209.176.174.173,19,www.test3.cn/62311-d39/3c7,1551457136483
64.49.45.225,34,www.test3.cn/2ef28-14c/36b,1551457329675
57.22.13.233,17,www.test3.cn/2ef28-14c/36b,1551457362920
190.119.100.140,34,www.test3.cn/977a7-6e6/913,1551457104822
190.119.100.140,49,www.test3.cn/7fb35-3da/4b6,1551457131415
130.77.76.220,4,www.test3.cn/803fa-88c/89e,1551457289961
36.36.176.55,6,www.test3.cn/5fbbf-09e/9ad,1551457224235
197.92.42.109,34,www.test3.cn/fc936-60b/443,1551457291902
142.243.232.111,23,www.test3.cn/525e8-252/f00,1551457165551
166.145.29.30,49,www.test3.cn/d1b05-39c/c2b,1551457174701
72.13.239.187,13,www.test3.cn/64129-42d/fce,1551457110125
103.108.253.46,20,www.test3.cn/db697-def/3de,1551457273141
54.84.106.206,42,www.test3.cn/ac24f-9ad/c13,1551457313085
166.145.29.30,22,www.test3.cn/dbf2d-769/d20,1551457377891
75.148.43.20,35,www.test3.cn/9e219-ab5/f8e,1551457311760
101.199.4.152,26,www.test3.cn/501c9-43a/c2b,1551457309098
75.148.43.20,22,www.test3.cn/2ef28-14c/36b,1551457217996
65.105.62.208,35,www.test3.cn/6f11d-813/ab5,1551457203538
103.60.78.100,48,www.test3.cn/9e219-ab5/f8e,1551457099592
69.9.62.147,35,www.test3.cn/5fbbf-09e/9ad,1551457125112
69.9.62.147,42,www.test3.cn/9f636-1e7/550,1551457198845
232.216.62.65,17,www.test3.cn/6f11d-813/ab5,1551457311295
57.22.13.233,39,www.test3.cn/db697-def/3de,1551457208680
101.199.4.152,0,www.test3.cn/62311-d39/3c7,1551457135337
161.197.214.160,8,www.test3.cn/0f53f-df4/e19,1551457279230
192.29.228.149,39,www.test3.cn/bc8a8-349/12b,1551457295235
152.170.66.76,38,www.test3.cn/0daf8-804/255,1551457109932
65.105.62.208,42,www.test3.cn/b0464-1d0/89b,1551457335553
167.112.106.142,4,www.test3.cn/a6605-777/346,1551457321931
173.27.205.218,6,www.test3.cn/0daf8-804/255,1551457276996
16.145.158.159,33,www.test3.cn/dadb6-6d2/b53,1551457304488
65.105.62.208,21,www.test3.cn/b9328-5f2/fb1,1551457360898
16.145.158.159,8,www.test3.cn/9f636-1e7/550,1551457108318
166.145.218.180,8,www.test3.cn/85e22-1b2/cdd,1551457125876
103.60.78.100,13,www.test3.cn/dadb6-6d2/b53,1551457089056
231.193.8.127,27,www.test3.cn/b9328-5f2/fb1,1551457338936
136.173.117.86,10,www.test3.cn/85f6b-d98/45c,1551457216340
231.193.8.127,45,www.test3.cn/dadb6-6d2/b53,1551457316758
239.125.134.220,46,www.test3.cn/dadb6-6d2/b53,1551457296070
242.86.168.82,20,www.test3.cn/501c9-43a/c2b,1551457298774
162.55.22.149,3,www.test3.cn/803fa-88c/89e,1551457187859
194.90.34.182,27,www.test3.cn/ac24f-9ad/c13,1551457331173
103.60.78.100,36,www.test3.cn/202c5-e2b/667,1551457146000
192.212.81.116,28,www.test3.cn/d484b-cd0/b6d,1551457125162
192.29.228.149,47,www.test3.cn/9e219-ab5/f8e,1551457210569
103.108.253.46,27,www.test3.cn/8c44d-bda/6d4,1551457298153
194.90.34.182,8,www.test3.cn/bc8a8-349/12b,1551457381572
194.90.34.182,4,www.test3.cn/b0464-1d0/89b,1551457099526
57.22.13.233,36,www.test3.cn/d2d89-faf/088,1551457329916
101.199.4.152,20,www.test3.cn/0ce1b-626/115,1551457199897
69.9.62.147,6,www.test3.cn/db697-def/3de,1551457294624
103.60.78.100,9,www.test3.cn/64129-42d/fce,1551457365710
103.60.78.100,43,www.test3.cn/d1b05-39c/c2b,1551457090102
75.148.43.20,21,www.test3.cn/b0464-1d0/89b,1551457297382
136.173.117.86,31,www.test3.cn/c0632-e3c/358,1551457247075
89.82.96.41,41,www.test3.cn/6f11d-813/ab5,1551457308013
103.108.253.46,0,www.test3.cn/9e219-ab5/f8e,1551457086471
22.78.136.98,44,www.test3.cn/2df06-da6/58e,1551457106058
168.226.209.99,18,www.test3.cn/2df06-da6/58e,1551457212012
136.173.117.86,17,www.test3.cn/dadb6-6d2/b53,1551457194788
54.84.106.206,18,www.test3.cn/b7fad-638/2d3,1551457110604
36.36.176.55,20,www.test3.cn/8c44d-bda/6d4,1551457106262
147.180.108.153,9,www.test3.cn/7c815-4b4/a45,1551457087488
54.84.106.206,14,www.test3.cn/dadb6-6d2/b53,1551457116978
3.81.124.222,15,www.test3.cn/62311-d39/3c7,1551457087041
65.105.62.208,17,www.test3.cn/0ce1b-626/115,1551457217194
130.77.76.220,5,www.test3.cn/525e8-252/f00,1551457276534
231.193.8.127,9,www.test3.cn/26413-db5/b80,1551457085823
194.175.112.147,34,www.test3.cn/7aed8-8a4/57f,1551457318564
207.126.201.33,43,www.test3.cn/d484b-cd0/b6d,1551457362031
167.112.106.142,43,www.test3.cn/26413-db5/b80,1551457357323
190.119.100.140,46,www.test3.cn/501c9-43a/c2b,1551457269888
3.81.124.222,15,www.test3.cn/bc8a8-349/12b,1551457263273
232.216.62.65,46,www.test3.cn/26413-db5/b80,1551457235583
103.108.253.46,39,www.test3.cn/d8924-dda/92b,1551457172370
194.175.112.147,9,www.test3.cn/9f636-1e7/550,1551457089319
207.126.201.33,25,www.test3.cn/a6605-777/346,1551457256271
160.175.2.94,34,www.test3.cn/2f132-051/f86,1551457345665
209.176.174.173,17,www.test3.cn/af95a-342/7ab,1551457113470
162.55.22.149,12,www.test3.cn/c3302-21c/df8,1551457384182
209.176.174.173,4,www.test3.cn/525e8-252/f00,1551457274721
219.243.68.66,2,www.test3.cn/c4a97-3ed/206,1551457278009
16.175.107.9,49,www.test3.cn/c3302-21c/df8,1551457150256
167.112.106.142,39,www.test3.cn/85f6b-d98/45c,1551457289592
147.180.108.153,34,www.test3.cn/7fb35-3da/4b6,1551457236221
166.145.29.30,9,www.test3.cn/ac24f-9ad/c13,1551457296912
65.105.62.208,48,www.test3.cn/0ce1b-626/115,1551457145546
22.78.136.98,19,www.test3.cn/d8924-dda/92b,1551457274556
192.29.228.149,35,www.test3.cn/9f636-1e7/550,1551457212888
207.126.201.33,10,www.test3.cn/dadb6-6d2/b53,1551457138629
219.243.68.66,38,www.test3.cn/ac24f-9ad/c13,1551457177499
192.212.81.116,4,www.test3.cn/525e8-252/f00,1551457141650
57.22.13.233,6,www.test3.cn/ac24f-9ad/c13,1551457144016
22.78.136.98,1,www.test3.cn/5fbbf-09e/9ad,1551457123181
130.77.76.220,35,www.test3.cn/28566-35c/bf3,1551457192115
147.180.108.153,45,www.test3.cn/62311-d39/3c7,1551457362839
57.22.13.233,13,www.test3.cn/0f53f-df4/e19,1551457109199
254.212.199.7,37,www.test3.cn/9f636-1e7/550,1551457377274
219.243.68.66,23,www.test3.cn/fc936-60b/443,1551457366652
232.216.62.65,35,www.test3.cn/dbf2d-769/d20,1551457301454
64.49.45.225,29,www.test3.cn/9f636-1e7/550,1551457122712
166.145.29.30,6,www.test3.cn/85e22-1b2/cdd,1551457139148
197.92.42.109,30,www.test3.cn/ac24f-9ad/c13,1551457213612
254.212.199.7,43,www.test3.cn/af95a-342/7ab,1551457194568
90.11.7.210,2,www.test3.cn/2ef28-14c/36b,1551457328693
190.119.100.140,38,www.test3.cn/5fbbf-09e/9ad,1551457122867
231.193.8.127,14,www.test3.cn/525e8-252/f00,1551457290879
192.212.81.116,8,www.test3.cn/26413-db5/b80,1551457237296
36.36.176.55,47,www.test3.cn/2df06-da6/58e,1551457369166
72.13.239.187,17,www.test3.cn/cba91-2e2/13e,1551457329698
90.11.7.210,44,www.test3.cn/dbf2d-769/d20,1551457223688
147.180.108.153,22,www.test3.cn/dadb6-6d2/b53,1551457139939
103.108.253.46,33,www.test3.cn/7aed8-8a4/57f,1551457215226
219.243.68.66,32,www.test3.cn/803fa-88c/89e,1551457215840
167.112.106.142,0,www.test3.cn/d1b05-39c/c2b,1551457288524
162.55.22.149,28,www.test3.cn/1864a-337/4f5,1551457282049
142.243.232.111,40,www.test3.cn/b7fad-638/2d3,1551457249848
22.78.136.98,42,www.test3.cn/85f6b-d98/45c,1551457181274
36.36.176.55,43,www.test3.cn/d484b-cd0/b6d,1551457139086
130.77.76.220,23,www.test3.cn/525e8-252/f00,1551457117602
219.243.68.66,29,www.test3.cn/7aed8-8a4/57f,1551457289273
166.145.29.30,25,www.test3.cn/8c44d-bda/6d4,1551457101163
103.60.78.100,39,www.test3.cn/2df06-da6/58e,1551457172949
192.212.81.116,20,www.test3.cn/c3302-21c/df8,1551457114329
190.119.100.140,28,www.test3.cn/28566-35c/bf3,1551457348934
69.9.62.147,38,www.test3.cn/202c5-e2b/667,1551457199428
75.148.43.20,14,www.test3.cn/b9328-5f2/fb1,1551457130685
75.148.43.20,39,www.test3.cn/cba91-2e2/13e,1551457293772
22.78.136.98,36,www.test3.cn/6f11d-813/ab5,1551457152603
239.125.134.220,22,www.test3.cn/26413-db5/b80,1551457280794
152.170.66.76,1,www.test3.cn/b2452-8ad/65f,1551457352944
89.82.96.41,4,www.test3.cn/ce6cd-5ef/6af,1551457128715
166.145.29.30,2,www.test3.cn/fc936-60b/443,1551457128745
22.78.136.98,38,www.test3.cn/ac24f-9ad/c13,1551457260806
57.22.13.233,1,www.test3.cn/a6605-777/346,1551457347855
192.212.81.116,32,www.test3.cn/9e219-ab5/f8e,1551457123211
103.108.253.46,5,www.test3.cn/d8924-dda/92b,1551457307184
209.176.174.173,26,www.test3.cn/cba91-2e2/13e,1551457108402
192.29.228.149,44,www.test3.cn/cba91-2e2/13e,1551457167943
161.197.214.160,27,www.test3.cn/bc8a8-349/12b,1551457297550
192.29.228.149,49,www.test3.cn/2f132-051/f86,1551457289705
173.27.205.218,28,www.test3.cn/d2d89-faf/088,1551457293286
103.60.78.100,23,www.test3.cn/db697-def/3de,1551457229836
161.197.214.160,30,www.test3.cn/2ef28-14c/36b,1551457342528
231.193.8.127,31,www.test3.cn/2df06-da6/58e,1551457089503
65.105.62.208,37,www.test3.cn/ffcb1-514/ee5,1551457295993
232.216.62.65,41,www.test3.cn/0daf8-804/255,1551457131290
89.82.96.41,24,www.test3.cn/c3302-21c/df8,1551457185449
232.216.62.65,31,www.test3.cn/62311-d39/3c7,1551457257147
54.84.106.206,32,www.test3.cn/b0464-1d0/89b,1551457355484
166.145.29.30,14,www.test3.cn/d8924-dda/92b,1551457285984
36.36.176.55,37,www.test3.cn/fc936-60b/443,1551457304782
181.254.79.159,16,www.test3.cn/af95a-342/7ab,1551457300405
149.132.29.106,35,www.test3.cn/0daf8-804/255,1551457294535
254.212.199.7,23,www.test3.cn/977a7-6e6/913,1551457381257
197.92.42.109,35,www.test3.cn/dadb6-6d2/b53,1551457170626
103.60.78.100,32,www.test3.cn/bc8a8-349/12b,1551457105979
242.86.168.82,38,www.test3.cn/0daf8-804/255,1551457304916
152.170.66.76,15,www.test3.cn/525e8-252/f00,1551457279236
162.55.22.149,7,www.test3.cn/c0632-e3c/358,1551457207250
254.212.199.7,48,www.test3.cn/26413-db5/b80,1551457140798
16.175.107.9,45,www.test3.cn/803fa-88c/89e,1551457368563
16.145.158.159,12,www.test3.cn/9e219-ab5/f8e,1551457304761
89.82.96.41,5,www.test3.cn/62311-d39/3c7,1551457166147
3.81.124.222,30,www.test3.cn/0daf8-804/255,1551457337999
254.212.199.7,48,www.test3.cn/ac24f-9ad/c13,1551457382354
16.145.158.159,23,www.test3.cn/85f6b-d98/45c,1551457247110
89.82.96.41,48,www.test3.cn/501c9-43a/c2b,1551457362400
101.199.4.152,10,www.test3.cn/26413-db5/b80,1551457300129
57.22.13.233,45,www.test3.cn/85f6b-d98/45c,1551457374794
103.108.253.46,27,www.test3.cn/d8924-dda/92b,1551457373052
166.145.218.180,24,www.test3.cn/64129-42d/fce,1551457290739
103.108.253.46,20,www.test3.cn/b0464-1d0/89b,1551457205034
161.197.214.160,11,www.test3.cn/dbf2d-769/d20,1551457370460
16.145.158.159,9,www.test3.cn/2ef28-14c/36b,1551457295476
65.105.62.208,38,www.test3.cn/dadb6-6d2/b53,1551457149585
147.180.108.153,10,www.test3.cn/d1b05-39c/c2b,1551457185498
101.199.4.152,24,www.test3.cn/28566-35c/bf3,1551457361874
147.180.108.153,33,www.test3.cn/c4a97-3ed/206,1551457233029
231.193.8.127,8,www.test3.cn/db697-def/3de,1551457244687
103.60.78.100,0,www.test3.cn/803fa-88c/89e,1551457316619
194.175.112.147,16,www.test3.cn/2f132-051/f86,1551457360232
194.90.34.182,8,www.test3.cn/b2452-8ad/65f,1551457094651
103.60.78.100,31,www.test3.cn/dadb6-6d2/b53,1551457258546
166.145.29.30,40,www.test3.cn/b7fad-638/2d3,1551457091772
3.81.124.222,6,www.test3.cn/b9328-5f2/fb1,1551457177919
192.29.228.149,47,www.test3.cn/dadb6-6d2/b53,1551457238982
149.132.29.106,24,www.test3.cn/dbf2d-769/d20,1551457375307
103.108.253.46,14,www.test3.cn/9e219-ab5/f8e,1551457298882
3.81.124.222,34,www.test3.cn/977a7-6e6/913,1551457175124
190.119.100.140,37,www.test3.cn/a6605-777/346,1551457365487
161.197.214.160,0,www.test3.cn/af95a-342/7ab,1551457266015
69.9.62.147,31,www.test3.cn/8c44d-bda/6d4,1551457212956
192.212.81.116,47,www.test3.cn/dbf2d-769/d20,1551457200185
194.175.112.147,16,www.test3.cn/c0632-e3c/358,1551457251936
22.78.136.98,4,www.test3.cn/2ef28-14c/36b,1551457275188
130.77.76.220,31,www.test3.cn/0f53f-df4/e19,1551457096765
130.77.76.220,22,www.test3.cn/28566-35c/bf3,1551457190611
168.226.209.99,7,www.test3.cn/64129-42d/fce,1551457157658
162.55.22.149,8,www.test3.cn/8c44d-bda/6d4,1551457218223
192.212.81.116,8,www.test3.cn/ac24f-9ad/c13,1551457238943
197.92.42.109,17,www.test3.cn/62311-d39/3c7,1551457345627
207.126.201.33,21,www.test3.cn/ffcb1-514/ee5,1551457123061
22.78.136.98,28,www.test3.cn/c4a97-3ed/206,1551457323212
167.112.106.142,34,www.test3.cn/1864a-337/4f5,1551457313897
167.112.106.142,46,www.test3.cn/9e219-ab5/f8e,1551457380566
149.132.29.106,20,www.test3.cn/ce6cd-5ef/6af,1551457313680
3.81.124.222,29,www.test3.cn/64129-42d/fce,1551457331361
54.84.106.206,11,www.test3.cn/908de-bd2/a64,1551457162479
239.125.134.220,28,www.test3.cn/6f11d-813/ab5,1551457318608
231.193.8.127,24,www.test3.cn/1864a-337/4f5,1551457136917
103.60.78.100,26,www.test3.cn/dbf2d-769/d20,1551457154654
16.145.158.159,17,www.test3.cn/b7fad-638/2d3,1551457222431
13.81.204.22,20,www.test3.cn/64129-42d/fce,1551457358958
89.82.96.41,3,www.test3.cn/d8924-dda/92b,1551457367100
103.108.253.46,13,www.test3.cn/7aed8-8a4/57f,1551457380137
75.148.43.20,30,www.test3.cn/dbf2d-769/d20,1551457091930
167.112.106.142,42,www.test3.cn/7fb35-3da/4b6,1551457291417
239.125.134.220,45,www.test3.cn/d484b-cd0/b6d,1551457259252
72.13.239.187,0,www.test3.cn/ffcb1-514/ee5,1551457155928
214.182.50.57,20,www.test3.cn/9f636-1e7/550,1551457258315
69.9.62.147,43,www.test3.cn/501c9-43a/c2b,1551457328108
72.13.239.187,27,www.test3.cn/ac24f-9ad/c13,1551457213231
136.173.117.86,17,www.test3.cn/26413-db5/b80,1551457365104
103.60.78.100,39,www.test3.cn/d8924-dda/92b,1551457341864
192.212.81.116,21,www.test3.cn/6f11d-813/ab5,1551457283036
64.49.45.225,4,www.test3.cn/2ef28-14c/36b,1551457115606
131.4.55.207,19,www.test3.cn/c0632-e3c/358,1551457143463
70.172.103.158,27,www.test3.cn/fc936-60b/443,1551457157462
254.212.199.7,12,www.test3.cn/b0464-1d0/89b,1551457261166
130.77.76.220,9,www.test3.cn/7fb35-3da/4b6,1551457247041
173.27.205.218,30,www.test3.cn/2f132-051/f86,1551457228455
197.92.42.109,20,www.test3.cn/af95a-342/7ab,1551457113640
232.216.62.65,35,www.test3.cn/ad1ac-29a/60c,1551457351658
16.145.158.159,15,www.test3.cn/fc936-60b/443,1551457316357
69.9.62.147,33,www.test3.cn/26413-db5/b80,1551457254737
72.13.239.187,40,www.test3.cn/cba91-2e2/13e,1551457233131
130.77.76.220,16,www.test3.cn/2ef28-14c/36b,1551457251149
181.254.79.159,17,www.test3.cn/c4a97-3ed/206,1551457102267
160.175.2.94,40,www.test3.cn/9e219-ab5/f8e,1551457126478
3.81.124.222,34,www.test3.cn/9e219-ab5/f8e,1551457171811
168.226.209.99,49,www.test3.cn/1864a-337/4f5,1551457363517
239.125.134.220,26,www.test3.cn/62311-d39/3c7,1551457230626
160.175.2.94,24,www.test3.cn/2ef28-14c/36b,1551457339884
16.145.158.159,24,www.test3.cn/7aed8-8a4/57f,1551457325201
209.176.174.173,45,www.test3.cn/0f53f-df4/e19,1551457095602
162.55.22.149,39,www.test3.cn/c0632-e3c/358,1551457221936
207.126.201.33,18,www.test3.cn/202c5-e2b/667,1551457149416
209.176.174.173,41,www.test3.cn/af95a-342/7ab,1551457325297
239.125.134.220,28,www.test3.cn/0daf8-804/255,1551457115671
181.254.79.159,38,www.test3.cn/525e8-252/f00,1551457320555
147.180.108.153,39,www.test3.cn/1864a-337/4f5,1551457360900
16.145.158.159,17,www.test3.cn/bc8a8-349/12b,1551457298325
131.4.55.207,47,www.test3.cn/db697-def/3de,1551457340134
13.81.204.22,8,www.test3.cn/28566-35c/bf3,1551457210183
36.36.176.55,10,www.test3.cn/5fbbf-09e/9ad,1551457179576
57.22.13.233,43,www.test3.cn/0daf8-804/255,1551457310007
242.86.168.82,8,www.test3.cn/bc8a8-349/12b,1551457250641
162.55.22.149,44,www.test3.cn/dadb6-6d2/b53,1551457356772
130.77.76.220,35,www.test3.cn/908de-bd2/a64,1551457173611
69.9.62.147,47,www.test3.cn/cba91-2e2/13e,1551457090044
209.176.174.173,4,www.test3.cn/db697-def/3de,1551457372625
254.212.199.7,8,www.test3.cn/c3302-21c/df8,1551457299534
57.22.13.233,6,www.test3.cn/977a7-6e6/913,1551457120783
242.86.168.82,16,www.test3.cn/6f11d-813/ab5,1551457214290
194.90.34.182,6,www.test3.cn/202c5-e2b/667,1551457192141
103.60.78.100,40,www.test3.cn/2df06-da6/58e,1551457182431
65.105.62.208,37,www.test3.cn/c0632-e3c/358,1551457178670
166.145.218.180,33,www.test3.cn/dbf2d-769/d20,1551457358438
207.126.201.33,45,www.test3.cn/a6605-777/346,1551457090623
57.22.13.233,18,www.test3.cn/b2452-8ad/65f,1551457378348
242.86.168.82,4,www.test3.cn/b0464-1d0/89b,1551457109067
16.175.107.9,43,www.test3.cn/0ce1b-626/115,1551457194546
214.182.50.57,11,www.test3.cn/85e22-1b2/cdd,1551457166165
232.216.62.65,33,www.test3.cn/64129-42d/fce,1551457120017
162.55.22.149,45,www.test3.cn/2df06-da6/58e,1551457096208
239.125.134.220,15,www.test3.cn/ac24f-9ad/c13,1551457241944
232.216.62.65,40,www.test3.cn/ad1ac-29a/60c,1551457369124
131.4.55.207,26,www.test3.cn/7c815-4b4/a45,1551457085915
232.216.62.65,43,www.test3.cn/7fb35-3da/4b6,1551457182670
219.243.68.66,41,www.test3.cn/9e219-ab5/f8e,1551457132743
64.49.45.225,9,www.test3.cn/2f132-051/f86,1551457109484
167.112.106.142,38,www.test3.cn/ac24f-9ad/c13,1551457326927
13.81.204.22,45,www.test3.cn/26413-db5/b80,1551457163812
147.180.108.153,0,www.test3.cn/85f6b-d98/45c,1551457328123
160.175.2.94,27,www.test3.cn/977a7-6e6/913,1551457289754
181.254.79.159,23,www.test3.cn/ac24f-9ad/c13,1551457231644
160.175.2.94,1,www.test3.cn/1864a-337/4f5,1551457149209
239.125.134.220,9,www.test3.cn/0daf8-804/255,1551457127219
214.182.50.57,16,www.test3.cn/908de-bd2/a64,1551457195618
3.81.124.222,12,www.test3.cn/d8924-dda/92b,1551457295473
101.199.4.152,11,www.test3.cn/85f6b-d98/45c,1551457185825
3.81.124.222,38,www.test3.cn/0daf8-804/255,1551457165533
167.112.106.142,5,www.test3.cn/d1b05-39c/c2b,1551457172734
194.90.34.182,42,www.test3.cn/2ef28-14c/36b,1551457238674
57.22.13.233,4,www.test3.cn/0ce1b-626/115,1551457288631
16.175.107.9,7,www.test3.cn/8c44d-bda/6d4,1551457155084
22.78.136.98,2,www.test3.cn/db697-def/3de,1551457317511
13.81.204.22,46,www.test3.cn/d8924-dda/92b,1551457098411
13.81.204.22,22,www.test3.cn/7aed8-8a4/57f,1551457124781
89.82.96.41,28,www.test3.cn/ce6cd-5ef/6af,1551457380629
101.199.4.152,49,www.test3.cn/fc936-60b/443,1551457189152
194.90.34.182,30,www.test3.cn/1864a-337/4f5,1551457365894
161.197.214.160,29,www.test3.cn/ce6cd-5ef/6af,1551457223068
142.243.232.111,16,www.test3.cn/85f6b-d98/45c,1551457185526
54.84.106.206,17,www.test3.cn/d484b-cd0/b6d,1551457139903
54.84.106.206,1,www.test3.cn/9f636-1e7/550,1551457098016
152.170.66.76,12,www.test3.cn/26413-db5/b80,1551457281221
3.81.124.222,11,www.test3.cn/af95a-342/7ab,1551457211797
161.197.214.160,10,www.test3.cn/ac24f-9ad/c13,1551457087000
190.119.100.140,38,www.test3.cn/ad1ac-29a/60c,1551457147047
130.77.76.220,33,www.test3.cn/b0464-1d0/89b,1551457199179
209.176.174.173,36,www.test3.cn/803fa-88c/89e,1551457382113
166.145.218.180,37,www.test3.cn/7c815-4b4/a45,1551457158548
194.175.112.147,33,www.test3.cn/7c815-4b4/a45,1551457241367
209.176.174.173,6,www.test3.cn/0daf8-804/255,1551457316491
209.176.174.173,14,www.test3.cn/7c815-4b4/a45,1551457179335
232.216.62.65,19,www.test3.cn/d1b05-39c/c2b,1551457330366
231.193.8.127,21,www.test3.cn/0ce1b-626/115,1551457247696
209.176.174.173,5,www.test3.cn/977a7-6e6/913,1551457160239
152.170.66.76,15,www.test3.cn/b2452-8ad/65f,1551457350223
16.175.107.9,0,www.test3.cn/7fb35-3da/4b6,1551457319110
168.226.209.99,15,www.test3.cn/977a7-6e6/913,1551457118239
65.105.62.208,33,www.test3.cn/8c44d-bda/6d4,1551457265723
13.81.204.22,14,www.test3.cn/af95a-342/7ab,1551457204808
173.27.205.218,0,www.test3.cn/85e22-1b2/cdd,1551457358473
69.9.62.147,47,www.test3.cn/202c5-e2b/667,1551457119476
136.173.117.86,21,www.test3.cn/db697-def/3de,1551457100398
166.145.218.180,17,www.test3.cn/6f11d-813/ab5,1551457101323
190.119.100.140,21,www.test3.cn/b7fad-638/2d3,1551457131928
16.145.158.159,39,www.test3.cn/d2d89-faf/088,1551457243426
232.216.62.65,26,www.test3.cn/c3302-21c/df8,1551457139422
3.81.124.222,40,www.test3.cn/0f53f-df4/e19,1551457185285
65.105.62.208,24,www.test3.cn/908de-bd2/a64,1551457158176
192.212.81.116,48,www.test3.cn/8c44d-bda/6d4,1551457238952
13.81.204.22,16,www.test3.cn/5fbbf-09e/9ad,1551457274709
194.90.34.182,16,www.test3.cn/bc8a8-349/12b,1551457156106
75.148.43.20,8,www.test3.cn/1864a-337/4f5,1551457257602
72.13.239.187,33,www.test3.cn/0f53f-df4/e19,1551457200625
192.212.81.116,5,www.test3.cn/fc936-60b/443,1551457204188
161.197.214.160,45,www.test3.cn/26413-db5/b80,1551457170664
69.9.62.147,13,www.test3.cn/dbf2d-769/d20,1551457354077
16.145.158.159,3,www.test3.cn/0daf8-804/255,1551457195979
72.13.239.187,32,www.test3.cn/7aed8-8a4/57f,1551457149094
72.13.239.187,4,www.test3.cn/977a7-6e6/913,1551457157162
147.180.108.153,5,www.test3.cn/2ef28-14c/36b,1551457222095
190.119.100.140,49,www.test3.cn/9f636-1e7/550,1551457132651
65.105.62.208,11,www.test3.cn/908de-bd2/a64,1551457106191
152.170.66.76,45,www.test3.cn/2f132-051/f86,1551457341362
16.175.107.9,17,www.test3.cn/85e22-1b2/cdd,1551457086014
142.243.232.111,34,www.test3.cn/d484b-cd0/b6d,1551457237184
103.108.253.46,15,www.test3.cn/0f53f-df4/e19,1551457313254
166.145.218.180,12,www.test3.cn/af95a-342/7ab,1551457148547
173.27.205.218,33,www.test3.cn/d8924-dda/92b,1551457093532
160.175.2.94,7,www.test3.cn/977a7-6e6/913,1551457105849
162.55.22.149,46,www.test3.cn/ffcb1-514/ee5,1551457372080
167.112.106.142,19,www.test3.cn/6f11d-813/ab5,1551457276677
209.176.174.173,2,www.test3.cn/85e22-1b2/cdd,1551457092307
197.92.42.109,0,www.test3.cn/501c9-43a/c2b,1551457091833
181.254.79.159,22,www.test3.cn/d1b05-39c/c2b,1551457322925
207.126.201.33,40,www.test3.cn/dadb6-6d2/b53,1551457196173
136.173.117.86,22,www.test3.cn/977a7-6e6/913,1551457118103
166.145.218.180,48,www.test3.cn/c3302-21c/df8,1551457170811
136.173.117.86,47,www.test3.cn/0f53f-df4/e19,1551457162020
103.60.78.100,20,www.test3.cn/0f53f-df4/e19,1551457131328
152.170.66.76,8,www.test3.cn/9f636-1e7/550,1551457293204
242.86.168.82,42,www.test3.cn/6f11d-813/ab5,1551457187884
16.145.158.159,31,www.test3.cn/ce6cd-5ef/6af,1551457243367
214.182.50.57,42,www.test3.cn/8c44d-bda/6d4,1551457363744
65.105.62.208,42,www.test3.cn/2df06-da6/58e,1551457337891
197.92.42.109,46,www.test3.cn/501c9-43a/c2b,1551457363062
190.119.100.140,8,www.test3.cn/cba91-2e2/13e,1551457313691
65.105.62.208,43,www.test3.cn/c4a97-3ed/206,1551457140096
75.148.43.20,23,www.test3.cn/85f6b-d98/45c,1551457323492
194.90.34.182,35,www.test3.cn/908de-bd2/a64,1551457195096
214.182.50.57,6,www.test3.cn/c0632-e3c/358,1551457257636
70.172.103.158,23,www.test3.cn/2ef28-14c/36b,1551457216185
54.84.106.206,49,www.test3.cn/6f11d-813/ab5,1551457211820
209.176.174.173,20,www.test3.cn/2df06-da6/58e,1551457157411
160.175.2.94,4,www.test3.cn/0daf8-804/255,1551457367996
197.92.42.109,5,www.test3.cn/d484b-cd0/b6d,1551457292392
181.254.79.159,24,www.test3.cn/cba91-2e2/13e,1551457162322
90.11.7.210,11,www.test3.cn/fc936-60b/443,1551457328422
131.4.55.207,16,www.test3.cn/b0464-1d0/89b,1551457119370
69.9.62.147,1,www.test3.cn/908de-bd2/a64,1551457264835
232.216.62.65,41,www.test3.cn/501c9-43a/c2b,1551457324642
16.145.158.159,4,www.test3.cn/0daf8-804/255,1551457101025
54.84.106.206,28,www.test3.cn/fc936-60b/443,1551457268956
219.243.68.66,1,www.test3.cn/8c44d-bda/6d4,1551457343312
239.125.134.220,35,www.test3.cn/d2d89-faf/088,1551457317840
219.243.68.66,25,www.test3.cn/d8924-dda/92b,1551457264989
142.243.232.111,30,www.test3.cn/fc936-60b/443,1551457110030
72.13.239.187,41,www.test3.cn/c4a97-3ed/206,1551457192166
161.197.214.160,3,www.test3.cn/fc936-60b/443,1551457231398
131.4.55.207,34,www.test3.cn/501c9-43a/c2b,1551457133303
207.126.201.33,43,www.test3.cn/525e8-252/f00,1551457276234
168.226.209.99,16,www.test3.cn/db697-def/3de,1551457143444
149.132.29.106,35,www.test3.cn/b0464-1d0/89b,1551457267405
242.86.168.82,30,www.test3.cn/b0464-1d0/89b,1551457273651
147.180.108.153,10,www.test3.cn/85f6b-d98/45c,1551457285677
231.193.8.127,26,www.test3.cn/d2d89-faf/088,1551457299871
168.226.209.99,2,www.test3.cn/ad1ac-29a/60c,1551457377214
194.90.34.182,42,www.test3.cn/525e8-252/f00,1551457145392
161.197.214.160,19,www.test3.cn/cba91-2e2/13e,1551457153260
197.92.42.109,20,www.test3.cn/64129-42d/fce,1551457195201
194.175.112.147,33,www.test3.cn/2df06-da6/58e,1551457298388
3.81.124.222,39,www.test3.cn/85e22-1b2/cdd,1551457349186
173.27.205.218,5,www.test3.cn/c0632-e3c/358,1551457325179
194.175.112.147,9,www.test3.cn/c4a97-3ed/206,1551457285435
192.29.228.149,25,www.test3.cn/ad1ac-29a/60c,1551457171970
69.9.62.147,23,www.test3.cn/62311-d39/3c7,1551457089406
16.145.158.159,47,www.test3.cn/908de-bd2/a64,1551457324501
152.170.66.76,42,www.test3.cn/908de-bd2/a64,1551457211212
75.148.43.20,1,www.test3.cn/0daf8-804/255,1551457377357
64.49.45.225,13,www.test3.cn/a6605-777/346,1551457118733
149.132.29.106,38,www.test3.cn/803fa-88c/89e,1551457259985
16.145.158.159,0,www.test3.cn/85e22-1b2/cdd,1551457301415
161.197.214.160,40,www.test3.cn/9f636-1e7/550,1551457133148
209.176.174.173,40,www.test3.cn/d8924-dda/92b,1551457173964
214.182.50.57,27,www.test3.cn/2f132-051/f86,1551457201283
136.173.117.86,47,www.test3.cn/9f636-1e7/550,1551457168849
197.92.42.109,48,www.test3.cn/a6605-777/346,1551457175604
242.86.168.82,31,www.test3.cn/c3302-21c/df8,1551457314247
131.4.55.207,45,www.test3.cn/a6605-777/346,1551457302510
149.132.29.106,15,www.test3.cn/2ef28-14c/36b,1551457359372
75.148.43.20,1,www.test3.cn/26413-db5/b80,1551457198397
36.36.176.55,24,www.test3.cn/d484b-cd0/b6d,1551457157608
90.11.7.210,1,www.test3.cn/cba91-2e2/13e,1551457118176
207.126.201.33,0,www.test3.cn/7fb35-3da/4b6,1551457235372
209.176.174.173,28,www.test3.cn/85e22-1b2/cdd,1551457088781
192.29.228.149,2,www.test3.cn/908de-bd2/a64,1551457373210
16.145.158.159,29,www.test3.cn/0ce1b-626/115,1551457092232
130.77.76.220,17,www.test3.cn/d2d89-faf/088,1551457216884
57.22.13.233,14,www.test3.cn/9f636-1e7/550,1551457250598
254.212.199.7,48,www.test3.cn/62311-d39/3c7,1551457336200
64.49.45.225,8,www.test3.cn/c3302-21c/df8,1551457342292
54.84.106.206,13,www.test3.cn/7c815-4b4/a45,1551457183157
219.243.68.66,33,www.test3.cn/0f53f-df4/e19,1551457225351
131.4.55.207,25,www.test3.cn/85e22-1b2/cdd,1551457236407
162.55.22.149,39,www.test3.cn/9e219-ab5/f8e,1551457171731
149.132.29.106,7,www.test3.cn/d1b05-39c/c2b,1551457287239
142.243.232.111,28,www.test3.cn/2df06-da6/58e,1551457285244
16.175.107.9,5,www.test3.cn/dbf2d-769/d20,1551457374313
54.84.106.206,12,www.test3.cn/d1b05-39c/c2b,1551457251657
181.254.79.159,44,www.test3.cn/64129-42d/fce,1551457169109
168.226.209.99,11,www.test3.cn/85f6b-d98/45c,1551457256581
101.199.4.152,38,www.test3.cn/a6605-777/346,1551457329218
54.84.106.206,23,www.test3.cn/85e22-1b2/cdd,1551457347009
103.60.78.100,21,www.test3.cn/c3302-21c/df8,1551457245690
72.13.239.187,48,www.test3.cn/64129-42d/fce,1551457182280
167.112.106.142,25,www.test3.cn/2ef28-14c/36b,1551457139443
194.175.112.147,4,www.test3.cn/977a7-6e6/913,1551457279318
181.254.79.159,12,www.test3.cn/525e8-252/f00,1551457374391
209.176.174.173,28,www.test3.cn/62311-d39/3c7,1551457360455
190.119.100.140,17,www.test3.cn/cba91-2e2/13e,1551457294223
130.77.76.220,1,www.test3.cn/0ce1b-626/115,1551457134223
231.193.8.127,7,www.test3.cn/2f132-051/f86,1551457166761
69.9.62.147,23,www.test3.cn/c3302-21c/df8,1551457374015
173.27.205.218,7,www.test3.cn/0ce1b-626/115,1551457246400
197.92.42.109,7,www.test3.cn/c3302-21c/df8,1551457168939
173.27.205.218,14,www.test3.cn/c3302-21c/df8,1551457318748
242.86.168.82,48,www.test3.cn/d8924-dda/92b,1551457221366
162.55.22.149,45,www.test3.cn/7fb35-3da/4b6,1551457149463
149.132.29.106,45,www.test3.cn/c3302-21c/df8,1551457255001
89.82.96.41,27,www.test3.cn/c0632-e3c/358,1551457272171
70.172.103.158,36,www.test3.cn/d484b-cd0/b6d,1551457127062
65.105.62.208,31,www.test3.cn/2f132-051/f86,1551457313120
231.193.8.127,35,www.test3.cn/64129-42d/fce,1551457281179
254.212.199.7,30,www.test3.cn/2ef28-14c/36b,1551457163724
75.148.43.20,2,www.test3.cn/64129-42d/fce,1551457214154
242.86.168.82,40,www.test3.cn/85e22-1b2/cdd,1551457249006
69.9.62.147,34,www.test3.cn/85f6b-d98/45c,1551457254269
13.81.204.22,45,www.test3.cn/ac24f-9ad/c13,1551457307576
231.193.8.127,17,www.test3.cn/28566-35c/bf3,1551457232302
103.108.253.46,32,www.test3.cn/d8924-dda/92b,1551457128352
239.125.134.220,27,www.test3.cn/2ef28-14c/36b,1551457093231
232.216.62.65,31,www.test3.cn/2ef28-14c/36b,1551457178465
207.126.201.33,17,www.test3.cn/c4a97-3ed/206,1551457340767
75.148.43.20,42,www.test3.cn/2df06-da6/58e,1551457379572
219.243.68.66,39,www.test3.cn/a6605-777/346,1551457210425
147.180.108.153,18,www.test3.cn/7aed8-8a4/57f,1551457155223
72.13.239.187,25,www.test3.cn/62311-d39/3c7,1551457248793
173.27.205.218,28,www.test3.cn/ad1ac-29a/60c,1551457203186
16.175.107.9,12,www.test3.cn/d8924-dda/92b,1551457246494
13.81.204.22,45,www.test3.cn/ce6cd-5ef/6af,1551457113377
242.86.168.82,46,www.test3.cn/dadb6-6d2/b53,1551457154457
254.212.199.7,32,www.test3.cn/2ef28-14c/36b,1551457097083
54.84.106.206,19,www.test3.cn/85e22-1b2/cdd,1551457113912
75.148.43.20,2,www.test3.cn/0f53f-df4/e19,1551457154266
64.49.45.225,28,www.test3.cn/d2d89-faf/088,1551457113491
57.22.13.233,35,www.test3.cn/b0464-1d0/89b,1551457278042
3.81.124.222,26,www.test3.cn/908de-bd2/a64,1551457351304
190.119.100.140,4,www.test3.cn/fc936-60b/443,1551457198393
181.254.79.159,38,www.test3.cn/b7fad-638/2d3,1551457380533
16.175.107.9,22,www.test3.cn/dbf2d-769/d20,1551457199585
242.86.168.82,8,www.test3.cn/28566-35c/bf3,1551457309833
254.212.199.7,38,www.test3.cn/0daf8-804/255,1551457100088
65.105.62.208,20,www.test3.cn/d8924-dda/92b,1551457314458
207.126.201.33,39,www.test3.cn/1864a-337/4f5,1551457260061
166.145.29.30,22,www.test3.cn/5fbbf-09e/9ad,1551457210808
3.81.124.222,41,www.test3.cn/d2d89-faf/088,1551457349705
3.81.124.222,9,www.test3.cn/85f6b-d98/45c,1551457361284
166.145.29.30,45,www.test3.cn/26413-db5/b80,1551457346622
214.182.50.57,8,www.test3.cn/fc936-60b/443,1551457172868
207.126.201.33,36,www.test3.cn/525e8-252/f00,1551457311038
89.82.96.41,45,www.test3.cn/ce6cd-5ef/6af,1551457334721
3.81.124.222,0,www.test3.cn/dadb6-6d2/b53,1551457153995
54.84.106.206,8,www.test3.cn/d8924-dda/92b,1551457362436
75.148.43.20,10,www.test3.cn/9e219-ab5/f8e,1551457144860
72.13.239.187,14,www.test3.cn/977a7-6e6/913,1551457381268
147.180.108.153,21,www.test3.cn/ad1ac-29a/60c,1551457346068
173.27.205.218,28,www.test3.cn/8c44d-bda/6d4,1551457269907
65.105.62.208,36,www.test3.cn/7c815-4b4/a45,1551457296530
70.172.103.158,21,www.test3.cn/dadb6-6d2/b53,1551457200396
168.226.209.99,32,www.test3.cn/c0632-e3c/358,1551457309805
190.119.100.140,9,www.test3.cn/1864a-337/4f5,1551457268578
181.254.79.159,22,www.test3.cn/64129-42d/fce,1551457330105
3.81.124.222,23,www.test3.cn/d1b05-39c/c2b,1551457350747
147.180.108.153,39,www.test3.cn/ad1ac-29a/60c,1551457167319
194.175.112.147,30,www.test3.cn/ac24f-9ad/c13,1551457174824
16.175.107.9,17,www.test3.cn/908de-bd2/a64,1551457178058
194.90.34.182,10,www.test3.cn/2f132-051/f86,1551457129762
190.119.100.140,33,www.test3.cn/501c9-43a/c2b,1551457135225
90.11.7.210,15,www.test3.cn/cba91-2e2/13e,1551457145404
162.55.22.149,30,www.test3.cn/7fb35-3da/4b6,1551457269056
16.145.158.159,39,www.test3.cn/cba91-2e2/13e,1551457123074
131.4.55.207,16,www.test3.cn/85e22-1b2/cdd,1551457264917
57.22.13.233,33,www.test3.cn/b7fad-638/2d3,1551457279856
209.176.174.173,38,www.test3.cn/b0464-1d0/89b,1551457085896
101.199.4.152,2,www.test3.cn/dbf2d-769/d20,1551457327491
254.212.199.7,23,www.test3.cn/803fa-88c/89e,1551457322994
214.182.50.57,16,www.test3.cn/d1b05-39c/c2b,1551457121596
161.197.214.160,19,www.test3.cn/af95a-342/7ab,1551457301911
101.199.4.152,19,www.test3.cn/803fa-88c/89e,1551457255906
70.172.103.158,2,www.test3.cn/202c5-e2b/667,1551457173591
231.193.8.127,16,www.test3.cn/0ce1b-626/115,1551457361113
194.175.112.147,30,www.test3.cn/2f132-051/f86,1551457173960
194.175.112.147,2,www.test3.cn/1864a-337/4f5,1551457099747
207.126.201.33,33,www.test3.cn/7fb35-3da/4b6,1551457177403
161.197.214.160,10,www.test3.cn/64129-42d/fce,1551457096326
194.90.34.182,34,www.test3.cn/6f11d-813/ab5,1551457285110
232.216.62.65,28,www.test3.cn/fc936-60b/443,1551457286947
162.55.22.149,25,www.test3.cn/977a7-6e6/913,1551457221183
194.175.112.147,19,www.test3.cn/5fbbf-09e/9ad,1551457250905
16.145.158.159,1,www.test3.cn/d8924-dda/92b,1551457147247
57.22.13.233,19,www.test3.cn/525e8-252/f00,1551457113195
3.81.124.222,37,www.test3.cn/c4a97-3ed/206,1551457211478
161.197.214.160,33,www.test3.cn/c4a97-3ed/206,1551457366915
36.36.176.55,25,www.test3.cn/cba91-2e2/13e,1551457310049
192.29.228.149,33,www.test3.cn/501c9-43a/c2b,1551457113512
254.212.199.7,44,www.test3.cn/ac24f-9ad/c13,1551457136299
57.22.13.233,30,www.test3.cn/0f53f-df4/e19,1551457103414
13.81.204.22,21,www.test3.cn/0daf8-804/255,1551457099710
219.243.68.66,8,www.test3.cn/c4a97-3ed/206,1551457232872
161.197.214.160,28,www.test3.cn/908de-bd2/a64,1551457283925
194.175.112.147,20,www.test3.cn/2f132-051/f86,1551457122820
103.60.78.100,27,www.test3.cn/d1b05-39c/c2b,1551457288026
13.81.204.22,29,www.test3.cn/b2452-8ad/65f,1551457129064
192.29.228.149,35,www.test3.cn/0daf8-804/255,1551457201792
103.60.78.100,4,www.test3.cn/64129-42d/fce,1551457106196
162.55.22.149,44,www.test3.cn/85e22-1b2/cdd,1551457096153
142.243.232.111,46,www.test3.cn/af95a-342/7ab,1551457108024
231.193.8.127,14,www.test3.cn/c4a97-3ed/206,1551457342779
103.108.253.46,9,www.test3.cn/ffcb1-514/ee5,1551457290120
22.78.136.98,44,www.test3.cn/908de-bd2/a64,1551457174514
57.22.13.233,0,www.test3.cn/db697-def/3de,1551457289848
214.182.50.57,3,www.test3.cn/ffcb1-514/ee5,1551457333089
72.13.239.187,2,www.test3.cn/c3302-21c/df8,1551457303416
57.22.13.233,21,www.test3.cn/ad1ac-29a/60c,1551457258289
69.9.62.147,48,www.test3.cn/85f6b-d98/45c,1551457197655
16.175.107.9,48,www.test3.cn/1864a-337/4f5,1551457122063
207.126.201.33,1,www.test3.cn/c4a97-3ed/206,1551457110037
22.78.136.98,8,www.test3.cn/9f636-1e7/550,1551457279788
69.9.62.147,22,www.test3.cn/c3302-21c/df8,1551457256384
89.82.96.41,2,www.test3.cn/202c5-e2b/667,1551457183399
89.82.96.41,19,www.test3.cn/c0632-e3c/358,1551457140421
101.199.4.152,27,www.test3.cn/977a7-6e6/913,1551457195929
207.126.201.33,7,www.test3.cn/62311-d39/3c7,1551457324246
167.112.106.142,38,www.test3.cn/7fb35-3da/4b6,1551457345106
232.216.62.65,33,www.test3.cn/0f53f-df4/e19,1551457236256
162.55.22.149,44,www.test3.cn/cba91-2e2/13e,1551457111664
70.172.103.158,0,www.test3.cn/a6605-777/346,1551457166685
197.92.42.109,14,www.test3.cn/db697-def/3de,1551457300225
57.22.13.233,1,www.test3.cn/7c815-4b4/a45,1551457144497
239.125.134.220,34,www.test3.cn/7aed8-8a4/57f,1551457139224
167.112.106.142,13,www.test3.cn/525e8-252/f00,1551457161929
75.148.43.20,42,www.test3.cn/7aed8-8a4/57f,1551457201087
142.243.232.111,16,www.test3.cn/977a7-6e6/913,1551457312506
149.132.29.106,23,www.test3.cn/af95a-342/7ab,1551457279461
69.9.62.147,6,www.test3.cn/d8924-dda/92b,1551457381608
90.11.7.210,47,www.test3.cn/b7fad-638/2d3,1551457188689
13.81.204.22,47,www.test3.cn/2ef28-14c/36b,1551457167284
194.175.112.147,22,www.test3.cn/26413-db5/b80,1551457172463
147.180.108.153,24,www.test3.cn/2df06-da6/58e,1551457362344
181.254.79.159,17,www.test3.cn/7fb35-3da/4b6,1551457170126
16.145.158.159,30,www.test3.cn/202c5-e2b/667,1551457105615
152.170.66.76,17,www.test3.cn/b9328-5f2/fb1,1551457184115
166.145.29.30,49,www.test3.cn/0f53f-df4/e19,1551457303722
219.243.68.66,7,www.test3.cn/2ef28-14c/36b,1551457369044
16.145.158.159,36,www.test3.cn/ad1ac-29a/60c,1551457361529
70.172.103.158,46,www.test3.cn/ffcb1-514/ee5,1551457166934
160.175.2.94,32,www.test3.cn/6f11d-813/ab5,1551457356652
75.148.43.20,49,www.test3.cn/b2452-8ad/65f,1551457264715
209.176.174.173,43,www.test3.cn/6f11d-813/ab5,1551457137185
207.126.201.33,43,www.test3.cn/bc8a8-349/12b,1551457292727
103.60.78.100,30,www.test3.cn/26413-db5/b80,1551457266804
64.49.45.225,6,www.test3.cn/bc8a8-349/12b,1551457325496
142.243.232.111,18,www.test3.cn/803fa-88c/89e,1551457227958
13.81.204.22,25,www.test3.cn/85f6b-d98/45c,1551457109434
65.105.62.208,29,www.test3.cn/c4a97-3ed/206,1551457101601
194.175.112.147,45,www.test3.cn/bc8a8-349/12b,1551457187083
161.197.214.160,38,www.test3.cn/b2452-8ad/65f,1551457262188
22.78.136.98,32,www.test3.cn/85e22-1b2/cdd,1551457188978
130.77.76.220,0,www.test3.cn/7fb35-3da/4b6,1551457357355
69.9.62.147,16,www.test3.cn/1864a-337/4f5,1551457229000
70.172.103.158,20,www.test3.cn/af95a-342/7ab,1551457136800
101.199.4.152,13,www.test3.cn/9f636-1e7/550,1551457129430
72.13.239.187,49,www.test3.cn/2f132-051/f86,1551457269494
130.77.76.220,16,www.test3.cn/c3302-21c/df8,1551457243655
168.226.209.99,25,www.test3.cn/2f132-051/f86,1551457121752
166.145.218.180,47,www.test3.cn/0ce1b-626/115,1551457129743
167.112.106.142,40,www.test3.cn/b2452-8ad/65f,1551457320247
162.55.22.149,32,www.test3.cn/64129-42d/fce,1551457272368
173.27.205.218,19,www.test3.cn/1864a-337/4f5,1551457127504
162.55.22.149,24,www.test3.cn/ffcb1-514/ee5,1551457289669
16.175.107.9,27,www.test3.cn/7aed8-8a4/57f,1551457280854
16.175.107.9,49,www.test3.cn/908de-bd2/a64,1551457100479
194.175.112.147,14,www.test3.cn/c0632-e3c/358,1551457286461
152.170.66.76,2,www.test3.cn/cba91-2e2/13e,1551457153745
3.81.124.222,2,www.test3.cn/c4a97-3ed/206,1551457331759
166.145.218.180,4,www.test3.cn/ac24f-9ad/c13,1551457151097
152.170.66.76,3,www.test3.cn/ffcb1-514/ee5,1551457297897
136.173.117.86,33,www.test3.cn/db697-def/3de,1551457178485
194.90.34.182,22,www.test3.cn/ce6cd-5ef/6af,1551457221096
36.36.176.55,15,www.test3.cn/ac24f-9ad/c13,1551457329040
142.243.232.111,22,www.test3.cn/0ce1b-626/115,1551457306337
57.22.13.233,45,www.test3.cn/803fa-88c/89e,1551457368482
16.175.107.9,47,www.test3.cn/b9328-5f2/fb1,1551457288182
254.212.199.7,34,www.test3.cn/d484b-cd0/b6d,1551457224628
54.84.106.206,10,www.test3.cn/b9328-5f2/fb1,1551457318975
194.90.34.182,7,www.test3.cn/977a7-6e6/913,1551457290280
194.90.34.182,24,www.test3.cn/64129-42d/fce,1551457178498
214.182.50.57,6,www.test3.cn/d8924-dda/92b,1551457347114
239.125.134.220,4,www.test3.cn/dadb6-6d2/b53,1551457121480
239.125.134.220,41,www.test3.cn/9e219-ab5/f8e,1551457370423
89.82.96.41,27,www.test3.cn/62311-d39/3c7,1551457309864
194.175.112.147,7,www.test3.cn/ac24f-9ad/c13,1551457203243
70.172.103.158,24,www.test3.cn/ac24f-9ad/c13,1551457296805
65.105.62.208,8,www.test3.cn/2df06-da6/58e,1551457289443
64.49.45.225,10,www.test3.cn/8c44d-bda/6d4,1551457236716
147.180.108.153,8,www.test3.cn/af95a-342/7ab,1551457328325
90.11.7.210,27,www.test3.cn/cba91-2e2/13e,1551457177725
101.199.4.152,46,www.test3.cn/af95a-342/7ab,1551457201937
162.55.22.149,28,www.test3.cn/28566-35c/bf3,1551457169831
168.226.209.99,24,www.test3.cn/525e8-252/f00,1551457235772
70.172.103.158,10,www.test3.cn/2df06-da6/58e,1551457182327
190.119.100.140,47,www.test3.cn/2df06-da6/58e,1551457217983
89.82.96.41,15,www.test3.cn/0f53f-df4/e19,1551457190594
89.82.96.41,25,www.test3.cn/d8924-dda/92b,1551457374040
103.108.253.46,17,www.test3.cn/a6605-777/346,1551457231696
192.29.228.149,41,www.test3.cn/977a7-6e6/913,1551457136941
160.175.2.94,43,www.test3.cn/803fa-88c/89e,1551457287204
254.212.199.7,47,www.test3.cn/26413-db5/b80,1551457188208
54.84.106.206,48,www.test3.cn/b9328-5f2/fb1,1551457281780
173.27.205.218,35,www.test3.cn/c0632-e3c/358,1551457126878
254.212.199.7,0,www.test3.cn/a6605-777/346,1551457146634
161.197.214.160,11,www.test3.cn/28566-35c/bf3,1551457198288
70.172.103.158,24,www.test3.cn/1864a-337/4f5,1551457351405
232.216.62.65,18,www.test3.cn/202c5-e2b/667,1551457234306
209.176.174.173,10,www.test3.cn/cba91-2e2/13e,1551457296967
103.108.253.46,39,www.test3.cn/2ef28-14c/36b,1551457159723
131.4.55.207,27,www.test3.cn/d8924-dda/92b,1551457215880
136.173.117.86,6,www.test3.cn/62311-d39/3c7,1551457139727
65.105.62.208,45,www.test3.cn/8c44d-bda/6d4,1551457313230
167.112.106.142,45,www.test3.cn/b9328-5f2/fb1,1551457143602
192.29.228.149,40,www.test3.cn/0f53f-df4/e19,1551457367922
130.77.76.220,48,www.test3.cn/ac24f-9ad/c13,1551457260790
239.125.134.220,17,www.test3.cn/b9328-5f2/fb1,1551457380841
197.92.42.109,12,www.test3.cn/dbf2d-769/d20,1551457356764
142.243.232.111,11,www.test3.cn/5fbbf-09e/9ad,1551457334691
160.175.2.94,28,www.test3.cn/62311-d39/3c7,1551457257622
22.78.136.98,11,www.test3.cn/64129-42d/fce,1551457135929
239.125.134.220,29,www.test3.cn/908de-bd2/a64,1551457281229
162.55.22.149,3,www.test3.cn/7c815-4b4/a45,1551457280891
168.226.209.99,6,www.test3.cn/908de-bd2/a64,1551457220428
89.82.96.41,15,www.test3.cn/b2452-8ad/65f,1551457115968
147.180.108.153,3,www.test3.cn/b0464-1d0/89b,1551457276558
160.175.2.94,25,www.test3.cn/1864a-337/4f5,1551457195014
101.199.4.152,44,www.test3.cn/62311-d39/3c7,1551457381134
242.86.168.82,41,www.test3.cn/62311-d39/3c7,1551457264548
207.126.201.33,2,www.test3.cn/fc936-60b/443,1551457249148
90.11.7.210,17,www.test3.cn/8c44d-bda/6d4,1551457276680
232.216.62.65,31,www.test3.cn/0ce1b-626/115,1551457174755
22.78.136.98,49,www.test3.cn/d484b-cd0/b6d,1551457259346
190.119.100.140,1,www.test3.cn/b0464-1d0/89b,1551457342216
214.182.50.57,15,www.test3.cn/dadb6-6d2/b53,1551457184936
194.90.34.182,26,www.test3.cn/85f6b-d98/45c,1551457270466
231.193.8.127,1,www.test3.cn/ce6cd-5ef/6af,1551457332438
147.180.108.153,16,www.test3.cn/c3302-21c/df8,1551457180131
90.11.7.210,42,www.test3.cn/9f636-1e7/550,1551457232304
194.175.112.147,18,www.test3.cn/dadb6-6d2/b53,1551457315485
149.132.29.106,14,www.test3.cn/908de-bd2/a64,1551457163452
90.11.7.210,11,www.test3.cn/525e8-252/f00,1551457095159
173.27.205.218,44,www.test3.cn/db697-def/3de,1551457258644
161.197.214.160,42,www.test3.cn/ffcb1-514/ee5,1551457293063
160.175.2.94,40,www.test3.cn/908de-bd2/a64,1551457099415
194.175.112.147,24,www.test3.cn/cba91-2e2/13e,1551457362062
54.84.106.206,31,www.test3.cn/85f6b-d98/45c,1551457202782
168.226.209.99,13,www.test3.cn/c3302-21c/df8,1551457220647
194.175.112.147,14,www.test3.cn/b0464-1d0/89b,1551457166768
207.126.201.33,2,www.test3.cn/202c5-e2b/667,1551457377637
166.145.218.180,47,www.test3.cn/7fb35-3da/4b6,1551457090631
64.49.45.225,27,www.test3.cn/977a7-6e6/913,1551457190934
207.126.201.33,13,www.test3.cn/dadb6-6d2/b53,1551457094641
214.182.50.57,29,www.test3.cn/7aed8-8a4/57f,1551457202875
207.126.201.33,26,www.test3.cn/b7fad-638/2d3,1551457354266
160.175.2.94,25,www.test3.cn/2df06-da6/58e,1551457210362
160.175.2.94,48,www.test3.cn/8c44d-bda/6d4,1551457092387
103.108.253.46,14,www.test3.cn/7fb35-3da/4b6,1551457140440
90.11.7.210,37,www.test3.cn/9e219-ab5/f8e,1551457282994
142.243.232.111,1,www.test3.cn/dbf2d-769/d20,1551457112745
242.86.168.82,32,www.test3.cn/7fb35-3da/4b6,1551457337532
3.81.124.222,27,www.test3.cn/0daf8-804/255,1551457292845
149.132.29.106,47,www.test3.cn/b0464-1d0/89b,1551457367337
207.126.201.33,18,www.test3.cn/d484b-cd0/b6d,1551457261776
149.132.29.106,6,www.test3.cn/977a7-6e6/913,1551457111968
214.182.50.57,15,www.test3.cn/1864a-337/4f5,1551457371651
3.81.124.222,37,www.test3.cn/1864a-337/4f5,1551457104474
136.173.117.86,14,www.test3.cn/a6605-777/346,1551457379882
54.84.106.206,22,www.test3.cn/fc936-60b/443,1551457325580
194.90.34.182,48,www.test3.cn/b2452-8ad/65f,1551457111350
181.254.79.159,5,www.test3.cn/d1b05-39c/c2b,1551457183762
103.108.253.46,35,www.test3.cn/2df06-da6/58e,1551457287158
197.92.42.109,0,www.test3.cn/9f636-1e7/550,1551457198621
194.175.112.147,40,www.test3.cn/85e22-1b2/cdd,1551457342108
239.125.134.220,34,www.test3.cn/b9328-5f2/fb1,1551457266991
36.36.176.55,15,www.test3.cn/fc936-60b/443,1551457125024
231.193.8.127,17,www.test3.cn/7c815-4b4/a45,1551457265508
101.199.4.152,24,www.test3.cn/ce6cd-5ef/6af,1551457092571
197.92.42.109,24,www.test3.cn/c0632-e3c/358,1551457141864
214.182.50.57,0,www.test3.cn/2df06-da6/58e,1551457348060
239.125.134.220,2,www.test3.cn/cba91-2e2/13e,1551457271677
231.193.8.127,10,www.test3.cn/9f636-1e7/550,1551457248094
231.193.8.127,22,www.test3.cn/64129-42d/fce,1551457383451
160.175.2.94,38,www.test3.cn/62311-d39/3c7,1551457094525
65.105.62.208,25,www.test3.cn/1864a-337/4f5,1551457099795
192.212.81.116,29,www.test3.cn/db697-def/3de,1551457119339
147.180.108.153,13,www.test3.cn/6f11d-813/ab5,1551457121310
13.81.204.22,3,www.test3.cn/6f11d-813/ab5,1551457140321
209.176.174.173,25,www.test3.cn/b0464-1d0/89b,1551457101234
36.36.176.55,8,www.test3.cn/dbf2d-769/d20,1551457193603
57.22.13.233,4,www.test3.cn/ad1ac-29a/60c,1551457178306
3.81.124.222,30,www.test3.cn/c0632-e3c/358,1551457280510
54.84.106.206,22,www.test3.cn/8c44d-bda/6d4,1551457200022
75.148.43.20,14,www.test3.cn/fc936-60b/443,1551457342251
57.22.13.233,29,www.test3.cn/c4a97-3ed/206,1551457331183
239.125.134.220,4,www.test3.cn/525e8-252/f00,1551457123209
192.29.228.149,28,www.test3.cn/ac24f-9ad/c13,1551457256775
162.55.22.149,34,www.test3.cn/1864a-337/4f5,1551457307862
69.9.62.147,2,www.test3.cn/ce6cd-5ef/6af,1551457281439
239.125.134.220,35,www.test3.cn/977a7-6e6/913,1551457126206
64.49.45.225,34,www.test3.cn/0f53f-df4/e19,1551457147073
166.145.218.180,26,www.test3.cn/fc936-60b/443,1551457241582
89.82.96.41,17,www.test3.cn/28566-35c/bf3,1551457225000
54.84.106.206,12,www.test3.cn/62311-d39/3c7,1551457346610
209.176.174.173,15,www.test3.cn/0f53f-df4/e19,1551457092662
57.22.13.233,28,www.test3.cn/525e8-252/f00,1551457196459
54.84.106.206,28,www.test3.cn/7fb35-3da/4b6,1551457344049
181.254.79.159,24,www.test3.cn/8c44d-bda/6d4,1551457292792
162.55.22.149,2,www.test3.cn/c3302-21c/df8,1551457132374
173.27.205.218,3,www.test3.cn/d8924-dda/92b,1551457109702
101.199.4.152,6,www.test3.cn/26413-db5/b80,1551457092352
72.13.239.187,48,www.test3.cn/d484b-cd0/b6d,1551457269290
219.243.68.66,22,www.test3.cn/501c9-43a/c2b,1551457224476
103.60.78.100,49,www.test3.cn/d484b-cd0/b6d,1551457154707
101.199.4.152,21,www.test3.cn/64129-42d/fce,1551457381673
231.193.8.127,29,www.test3.cn/ce6cd-5ef/6af,1551457293880
190.119.100.140,27,www.test3.cn/2df06-da6/58e,1551457140650
162.55.22.149,8,www.test3.cn/85e22-1b2/cdd,1551457107143
232.216.62.65,44,www.test3.cn/28566-35c/bf3,1551457188677
136.173.117.86,18,www.test3.cn/0f53f-df4/e19,1551457089138
57.22.13.233,26,www.test3.cn/dbf2d-769/d20,1551457137257
190.119.100.140,6,www.test3.cn/fc936-60b/443,1551457158037
162.55.22.149,28,www.test3.cn/1864a-337/4f5,1551457128958
160.175.2.94,44,www.test3.cn/bc8a8-349/12b,1551457152763
101.199.4.152,48,www.test3.cn/7c815-4b4/a45,1551457221592
101.199.4.152,4,www.test3.cn/d1b05-39c/c2b,1551457280775
194.175.112.147,18,www.test3.cn/0ce1b-626/115,1551457098837
168.226.209.99,36,www.test3.cn/b7fad-638/2d3,1551457288875
103.60.78.100,27,www.test3.cn/d1b05-39c/c2b,1551457292621
197.92.42.109,16,www.test3.cn/0ce1b-626/115,1551457260255
242.86.168.82,49,www.test3.cn/2ef28-14c/36b,1551457354572
232.216.62.65,40,www.test3.cn/501c9-43a/c2b,1551457133947
72.13.239.187,6,www.test3.cn/a6605-777/346,1551457314777
232.216.62.65,13,www.test3.cn/908de-bd2/a64,1551457346341
136.173.117.86,30,www.test3.cn/2ef28-14c/36b,1551457213279
166.145.29.30,13,www.test3.cn/8c44d-bda/6d4,1551457269491
54.84.106.206,47,www.test3.cn/7aed8-8a4/57f,1551457316849
231.193.8.127,48,www.test3.cn/bc8a8-349/12b,1551457217637
72.13.239.187,31,www.test3.cn/28566-35c/bf3,1551457093137
214.182.50.57,8,www.test3.cn/b9328-5f2/fb1,1551457112561
219.243.68.66,38,www.test3.cn/c0632-e3c/358,1551457280056
65.105.62.208,29,www.test3.cn/d8924-dda/92b,1551457168805
231.193.8.127,17,www.test3.cn/af95a-342/7ab,1551457298160
214.182.50.57,2,www.test3.cn/26413-db5/b80,1551457278135
194.175.112.147,36,www.test3.cn/7aed8-8a4/57f,1551457238223
239.125.134.220,15,www.test3.cn/b7fad-638/2d3,1551457283174
70.172.103.158,9,www.test3.cn/b2452-8ad/65f,1551457309537
166.145.29.30,13,www.test3.cn/d2d89-faf/088,1551457355524
192.212.81.116,35,www.test3.cn/d2d89-faf/088,1551457359086
197.92.42.109,31,www.test3.cn/28566-35c/bf3,1551457120999
22.78.136.98,21,www.test3.cn/b9328-5f2/fb1,1551457285974
70.172.103.158,25,www.test3.cn/c3302-21c/df8,1551457253778
168.226.209.99,34,www.test3.cn/8c44d-bda/6d4,1551457183069
209.176.174.173,12,www.test3.cn/501c9-43a/c2b,1551457344343
181.254.79.159,29,www.test3.cn/dadb6-6d2/b53,1551457280324
