72.13.239.187,深圳市
136.173.117.86,深圳市
162.55.22.149,上海市
167.112.106.142,广州市
89.82.96.41,杭州市
207.126.201.33,深圳市
90.11.7.210,上海市
103.108.253.46,广州市
64.49.45.225,广州市
22.78.136.98,北京市
130.77.76.220,北京市
3.81.124.222,北京市
197.92.42.109,深圳市
160.175.2.94,北京市
54.84.106.206,广州市
16.145.158.159,北京市
242.86.168.82,深圳市
36.36.176.55,北京市
192.29.228.149,广州市
232.216.62.65,杭州市
75.148.43.20,广州市
166.145.29.30,广州市
65.105.62.208,上海市
173.27.205.218,深圳市
131.4.55.207,杭州市
254.212.199.7,广州市
181.254.79.159,上海市
231.193.8.127,深圳市
166.145.218.180,上海市
13.81.204.22,上海市
69.9.62.147,北京市
192.212.81.116,杭州市
161.197.214.160,深圳市
190.119.100.140,上海市
194.175.112.147,北京市
142.243.232.111,北京市
209.176.174.173,杭州市
70.172.103.158,深圳市
239.125.134.220,广州市
57.22.13.233,杭州市
101.199.4.152,杭州市
194.90.34.182,广州市
219.243.68.66,北京市
16.175.107.9,杭州市
103.60.78.100,上海市
152.170.66.76,杭州市
168.226.209.99,深圳市
147.180.108.153,广州市
214.182.50.57,上海市
149.132.29.106,深圳市
